{
	"info": {
		"_postman_id": "f9825cce-fc7b-48cb-ad79-a08fda6cfe03",
		"name": "SD_Postman_TrelloV2",
		"schema": "https://schema.getpostman.com/json/collection/v2.1.0/collection.json",
		"_exporter_id": "42774474",
		"_collection_link": "https://qa-top-up-programme-2025.postman.co/workspace/7e9eb782-11c1-4991-bf05-9c0a49c1bbda/collection/42774474-f9825cce-fc7b-48cb-ad79-a08fda6cfe03?action=share&source=collection_link&creator=42774474"
	},
	"item": [
		{
			"name": "Create Board Request",
			"event": [
				{
					"listen": "test",
					"script": {
						"exec": [
							"let responseJson = pm.response.json();\r",
							"pm.environment.set(\"boardId\", responseJson.id);\r",
							"pm.test(\"Board is created successfully\", function () {\r",
							"    pm.response.to.have.status(200);\r",
							"    pm.expect(responseJson.name).to.eql(\"Test_SDPostmanBoard2\");\r",
							"});"
						],
						"type": "text/javascript",
						"packages": {}
					}
				},
				{
					"listen": "prerequest",
					"script": {
						"exec": [
							"console.log(\"BOARD_NAME: \", pm.environment.get(\"BOARD_NAME\"));\r",
							""
						],
						"type": "text/javascript",
						"packages": {}
					}
				}
			],
			"request": {
				"method": "POST",
				"header": [],
				"url": {
					"raw": "{{URL}}boards/?name={{BOARD_NAME}}&key={{API_KEY}}&token={{API_TOKEN}}",
					"host": [
						"{{URL}}boards"
					],
					"path": [
						""
					],
					"query": [
						{
							"key": "name",
							"value": "{{BOARD_NAME}}"
						},
						{
							"key": "key",
							"value": "{{API_KEY}}"
						},
						{
							"key": "token",
							"value": "{{API_TOKEN}}"
						}
					]
				}
			},
			"response": []
		},
		{
			"name": "Verification creation of board",
			"event": [
				{
					"listen": "test",
					"script": {
						"exec": [
							"// pm.test(\"Board successfully created\", function(){\r",
							"//     pm.expect(pm.response.json()).to.be.an('object').that.has.property('id');\r",
							"//     pm.expect(pm.response.json()).to.be.an('object').that.has.property('name');\r",
							"// });\r",
							"\r",
							"// pm.test(\"permission level private\", function(){\r",
							"//     pm.expect(pm.response.json().prefs.permissionLevel).to.eql('private');\r",
							"    \r",
							"// });\r",
							"\r",
							"let responseJson = pm.response.json();\r",
							"pm.test(\"Board name is correct\", function () {\r",
							"    pm.expect(responseJson.name).to.eql(\"Test_SDPostmanBoard2\");\r",
							"});"
						],
						"type": "text/javascript",
						"packages": {}
					}
				},
				{
					"listen": "prerequest",
					"script": {
						"exec": [
							"pm.test(\"Verify that boardId is set\", function () {\r",
							"    var boardId = pm.environment.get(\"boardId\");\r",
							"    pm.expect(boardId).to.not.be.undefined;\r",
							"    pm.expect(boardId).to.not.be.null;\r",
							"});"
						],
						"type": "text/javascript",
						"packages": {}
					}
				}
			],
			"request": {
				"method": "GET",
				"header": [
					{
						"key": "Accept",
						"value": "application/json"
					}
				],
				"url": {
					"raw": "{{URL}}/boards/{{boardId}}?key={{API_KEY}}&token={{API_TOKEN}}",
					"host": [
						"{{URL}}"
					],
					"path": [
						"boards",
						"{{boardId}}"
					],
					"query": [
						{
							"key": "key",
							"value": "ca1f3524d83408c9a66a325a4c9a40eb",
							"disabled": true
						},
						{
							"key": "token",
							"value": "ATTA98096348431e74958ebb9120f7d092de8c0705cf5cf9f244d1ca43476805fbd9534E52E5",
							"disabled": true
						},
						{
							"key": "name",
							"value": "",
							"disabled": true
						},
						{
							"key": "key",
							"value": "{{API_KEY}}"
						},
						{
							"key": "token",
							"value": "{{API_TOKEN}}"
						}
					]
				}
			},
			"response": []
		},
		{
			"name": "Create the \"To Do\" List Request",
			"event": [
				{
					"listen": "test",
					"script": {
						"exec": [
							"// pm.test(\"To Do List created successfully\", function () {\r",
							"//     var jsonData = pm.response.json();\r",
							"//     pm.environment.set(\"list_id_todo\", jsonData.id);  // Store the \"To Do\" list ID\r",
							"//     pm.expect(jsonData.name).to.eql(pm.environment.get(\"LIST_NAME_TODO\"));\r",
							"// });\r",
							"\r",
							"let responseJson = pm.response.json();\r",
							"pm.environment.set(\"todoListId\", responseJson.id);\r",
							"pm.test(\"To Do list is created successfully\", function () {\r",
							"    pm.response.to.have.status(200);\r",
							"    pm.expect(responseJson.name).to.eql(\"To Do\");\r",
							"});"
						],
						"type": "text/javascript",
						"packages": {}
					}
				},
				{
					"listen": "prerequest",
					"script": {
						"exec": [
							"console.log(\"Creating 'To Do' list for board ID: \", pm.environment.get(\"board_id\"));\r",
							""
						],
						"type": "text/javascript",
						"packages": {}
					}
				}
			],
			"request": {
				"method": "POST",
				"header": [],
				"url": {
					"raw": "{{URL}}/lists?name=To Do&idBoard={{boardId}}&key={{API_KEY}}&token={{API_TOKEN}}",
					"host": [
						"{{URL}}"
					],
					"path": [
						"lists"
					],
					"query": [
						{
							"key": "name",
							"value": "To Do"
						},
						{
							"key": "idBoard",
							"value": "{{boardId}}"
						},
						{
							"key": "key",
							"value": "{{API_KEY}}"
						},
						{
							"key": "token",
							"value": "{{API_TOKEN}}"
						}
					]
				}
			},
			"response": []
		},
		{
			"name": "Create the \"Done\" List Request",
			"event": [
				{
					"listen": "test",
					"script": {
						"exec": [
							"// pm.test(\"Done list created successfully\", function () {\r",
							"//     var jsonData = pm.response.json();\r",
							"//     pm.environment.set(\"list_done_id\", jsonData.id); // Store the \"Done\" list ID for later requests\r",
							"//     pm.expect(jsonData.name).to.eql(pm.environment.get(\"LIST_NAME_DONE\"));\r",
							"// });\r",
							"\r",
							"let responseJson = pm.response.json();\r",
							"pm.environment.set(\"doneListId\", responseJson.id);\r",
							"pm.test(\"Done list is created successfully\", function () {\r",
							"    pm.response.to.have.status(200);\r",
							"    pm.expect(responseJson.name).to.eql(\"Done\");\r",
							"});"
						],
						"type": "text/javascript",
						"packages": {}
					}
				},
				{
					"listen": "prerequest",
					"script": {
						"exec": [
							"console.log(\"Creating 'Done' list for board ID: \", pm.environment.get(\"board_id\"));\r",
							""
						],
						"type": "text/javascript",
						"packages": {}
					}
				}
			],
			"request": {
				"method": "POST",
				"header": [],
				"url": {
					"raw": "{{URL}}/lists?name=Done&idBoard={{boardId}}&key={{API_KEY}}&token={{API_TOKEN}}",
					"host": [
						"{{URL}}"
					],
					"path": [
						"lists"
					],
					"query": [
						{
							"key": "name",
							"value": "Done"
						},
						{
							"key": "idBoard",
							"value": "{{boardId}}"
						},
						{
							"key": "key",
							"value": "{{API_KEY}}"
						},
						{
							"key": "token",
							"value": "{{API_TOKEN}}"
						}
					]
				}
			},
			"response": []
		},
		{
			"name": "Create a Card in the \"To Do\" List",
			"event": [
				{
					"listen": "test",
					"script": {
						"exec": [
							"let responseJson = pm.response.json();\r",
							"pm.environment.set(\"cardId\", responseJson.id);\r",
							"pm.test(\"Card 'Learn Postman' is created\", function () {\r",
							"    pm.response.to.have.status(200);\r",
							"    pm.expect(responseJson.name).to.eql(\"Learn Postman\");\r",
							"});"
						],
						"type": "text/javascript",
						"packages": {}
					}
				},
				{
					"listen": "prerequest",
					"script": {
						"exec": [
							"console.log(\"Creating card in 'To Do' list with list ID: \", pm.environment.get(\"list_todo_id\"));\r",
							""
						],
						"type": "text/javascript",
						"packages": {}
					}
				}
			],
			"request": {
				"method": "POST",
				"header": [
					{
						"key": "Accept",
						"value": "application/json"
					}
				],
				"url": {
					"raw": "https://api.trello.com/1/cards?idList={{todoListId}}&name=Learn Postman&key={{API_KEY}}&token={{API_TOKEN}}",
					"protocol": "https",
					"host": [
						"api",
						"trello",
						"com"
					],
					"path": [
						"1",
						"cards"
					],
					"query": [
						{
							"key": "idList",
							"value": "{{todoListId}}"
						},
						{
							"key": "name",
							"value": "Learn Postman"
						},
						{
							"key": "key",
							"value": "{{API_KEY}}"
						},
						{
							"key": "token",
							"value": "{{API_TOKEN}}"
						}
					]
				}
			},
			"response": []
		},
		{
			"name": "Update Card Request",
			"event": [
				{
					"listen": "test",
					"script": {
						"exec": [
							"// pm.test(\"Card updated successfully\", function () {\r",
							"//     var jsonData = pm.response.json();\r",
							"//     pm.expect(jsonData.name).to.eql(pm.environment.get(\"CARD_NAME_UPDATED\"));\r",
							"//     pm.expect(jsonData.desc).to.eql(pm.environment.get(\"CARD_DESC_UPDATED\"));\r",
							"// });\r",
							"\r",
							"let responseJson = pm.response.json();\r",
							"pm.test(\"Card name is updated successfully\", function () {\r",
							"    pm.response.to.have.status(200);\r",
							"    pm.expect(responseJson.name).to.eql(\"Learn Newman\");\r",
							"});"
						],
						"type": "text/javascript",
						"packages": {}
					}
				}
			],
			"request": {
				"method": "PUT",
				"header": [
					{
						"key": "Accept",
						"value": "application/json"
					}
				],
				"url": {
					"raw": "{{URL}}/cards/{{cardId}}?name=Learn%20Newman&key={{API_KEY}}&token={{API_TOKEN}}",
					"host": [
						"{{URL}}"
					],
					"path": [
						"cards",
						"{{cardId}}"
					],
					"query": [
						{
							"key": "name",
							"value": "Learn%20Newman"
						},
						{
							"key": "key",
							"value": "{{API_KEY}}"
						},
						{
							"key": "token",
							"value": "{{API_TOKEN}}"
						}
					]
				}
			},
			"response": []
		},
		{
			"name": "Move the Card from \"To Do\" to \"Done\"",
			"event": [
				{
					"listen": "test",
					"script": {
						"exec": [
							"// pm.test(\"Card moved to 'Done' successfully\", function () {\r",
							"//     var jsonData = pm.response.json();\r",
							"//     pm.expect(jsonData.idList).to.eql(pm.environment.get(\"list_done_id\"));\r",
							"// });\r",
							"// let responseJson = pm.response.json();\r",
							"// pm.test(\"Card is moved to Done list\", function () {\r",
							"//     pm.response.to.have.status(200);\r",
							"//     pm.expect(responseJson.idList).to.eql(\"{{doneListId}}\");  // Verifying if the card's idList is the \"Done\" list ID\r",
							"// });\r",
							"\r",
							"let responseJson = pm.response.json();\r",
							"pm.test(\"Card is moved to Done list\", function () {\r",
							"    pm.response.to.have.status(200);\r",
							"    pm.expect(responseJson.idList).to.eql(pm.environment.get(\"doneListId\"));  // Compare the card's idList with the expected doneListId\r",
							"});"
						],
						"type": "text/javascript",
						"packages": {}
					}
				}
			],
			"request": {
				"method": "PUT",
				"header": [
					{
						"key": "Accept",
						"value": "application/json"
					}
				],
				"url": {
					"raw": "{{URL}}/cards/{{cardId}}?idList={{doneListId}}&key={{API_KEY}}&token={{API_TOKEN}}",
					"host": [
						"{{URL}}"
					],
					"path": [
						"cards",
						"{{cardId}}"
					],
					"query": [
						{
							"key": "idList",
							"value": "{{doneListId}}"
						},
						{
							"key": "key",
							"value": "{{API_KEY}}"
						},
						{
							"key": "token",
							"value": "{{API_TOKEN}}"
						}
					]
				}
			},
			"response": []
		},
		{
			"name": "Delete Board Request",
			"event": [
				{
					"listen": "test",
					"script": {
						"exec": [
							"// pm.test(\"Board deleted successfully\", function () {\r",
							"//     pm.response.to.have.status(200);  // Ensure the board was deleted successfully\r",
							"// });\r",
							"pm.test(\"Board is deleted successfully\", function () {\r",
							"    pm.response.to.have.status(200);  // Ensure status code is 200\r",
							"    pm.expect(pm.response.text().trim()).to.eql('{\"_value\":null}');  // Ensure response body is null\r",
							"});"
						],
						"type": "text/javascript",
						"packages": {}
					}
				},
				{
					"listen": "prerequest",
					"script": {
						"exec": [
							"console.log(\"Deleting board with ID: \", pm.environment.get(\"board_id\"));\r",
							""
						],
						"type": "text/javascript",
						"packages": {}
					}
				}
			],
			"request": {
				"method": "DELETE",
				"header": [],
				"url": {
					"raw": "{{URL}}/boards/{{boardId}}?key={{API_KEY}}&token={{API_TOKEN}}",
					"host": [
						"{{URL}}"
					],
					"path": [
						"boards",
						"{{boardId}}"
					],
					"query": [
						{
							"key": "key",
							"value": "{{API_KEY}}"
						},
						{
							"key": "token",
							"value": "{{API_TOKEN}}"
						}
					]
				}
			},
			"response": []
		}
	],
	"event": [
		{
			"listen": "prerequest",
			"script": {
				"type": "text/javascript",
				"packages": {},
				"exec": [
					""
				]
			}
		},
		{
			"listen": "test",
			"script": {
				"type": "text/javascript",
				"packages": {},
				"exec": [
					""
				]
			}
		}
	],
	"variable": [
		{
			"key": "API_KEY",
			"value": "ca1f3524d83408c9a66a325a4c9a40eb",
			"type": "string",
			"disabled": true
		},
		{
			"key": "API_TOKEN",
			"value": "ATTA98096348431e74958ebb9120f7d092de8c0705cf5cf9f244d1ca43476805fbd9534E52E5",
			"type": "string",
			"disabled": true
		},
		{
			"key": "URL",
			"value": "https://api.trello.com/1/",
			"type": "string",
			"disabled": true
		},
		{
			"key": "BOARD_NAME",
			"value": "Test_SDPostmanBoard2",
			"type": "string",
			"disabled": true
		},
		{
			"key": "LIST_NAME_TODO",
			"value": "To Do",
			"type": "string"
		},
		{
			"key": "LIST_NAME_DONE",
			"value": "Done ",
			"type": "string"
		}
	]
}